"biosample","donor","counts","CPM","libsize","rankNormCPM","loglibsize","condition","GT","genotype.num","genotype.nt","phase","sequencing_platform"
"F100_MEL_PBS","F100",44,10.962972560178,4013510,0.201484994782077,15.2051767281415,"PBS","0|1",1,"TC|CT","phase2","NovaSeq"
"F100_MEL_IFNG","F100",256,62.9192981352293,4068704,1.42660904789929,15.2188350791915,"IFNG","0|1",1,"TC|CT","phase2","NovaSeq"
"F101_MEL_PBS","F101",23,5.66354178696563,4061063,-0.140552401555908,15.2169553199684,"PBS","1|1",2,"CC","phase2","NovaSeq"
"F101_MEL_IFNG","F101",261,64.0320621537883,4076083,1.48431809931247,15.2206470362185,"IFNG","1|1",2,"CC","phase2","NovaSeq"
"F106_MEL_PBS","F106",2,0.475205669013549,4208704,-1.61741642254163,15.2526653197868,"PBS","0|0",0,"TT","phase2","NovaSeq"
"F106_MEL_IFNG","F106",23,5.30510464088247,4335447,-0.221951938811593,15.2823352770677,"IFNG","0|0",0,"TT","phase2","NovaSeq"
"F108_MEL_PBS","F108",7,1.91029630606003,3664353,-0.912933637332838,15.1141623429302,"PBS","1|0",1,"TC|CT","phase2","NovaSeq"
"F108_MEL_IFNG","F108",9,2.05801922052751,4373137,-0.743653994864716,15.2909911585117,"IFNG","1|0",1,"TC|CT","phase2","NovaSeq"
"F109_MEL_PBS","F109",12,3.84367639960269,3122011,-0.455565307981847,14.9539879034338,"PBS","0|1",1,"TC|CT","phase2","NovaSeq"
"F109_MEL_IFNG","F109",13,4.42245313475385,2939545,-0.283952078021566,14.8937653654332,"IFNG","0|1",1,"TC|CT","phase2","NovaSeq"
"F110_MEL_PBS","F110",1,0.424110872760801,2357874,-1.69634607661958,14.6732709235372,"PBS","0|0",0,"TT","phase2","NovaSeq"
"F110_MEL_IFNG","F110",2,0.569951582613057,3509070,-1.48431809931247,15.0708616030697,"IFNG","0|0",0,"TT","phase2","NovaSeq"
"F111_MEL_PBS","F111",26,8.10631494405395,3207376,0.0600751164152645,14.9809637153326,"PBS","0|1",1,"TC|CT","phase2","NovaSeq"
"F111_MEL_IFNG","F111",50,13.3098193192027,3756625,0.325885511419726,15.1390315058933,"IFNG","0|1",1,"TC|CT","phase2","NovaSeq"
"F113_MEL_PBS","F113",3,0.594768534920546,5043979,-1.37329492830878,15.4337058126959,"PBS","0|0",0,"TT","phase2","NovaSeq"
"F113_MEL_IFNG","F113",10,2.69675962756671,3708154,-0.593428811969109,15.1260447366285,"IFNG","0|0",0,"TT","phase2","NovaSeq"
"F114_MEL_PBS","F114",2,0.41391962012113,4831856,-1.78752735197503,15.3907412168282,"PBS","0|0",0,"TT","phase2","NovaSeq"
"F114_MEL_IFNG","F114",16,3.36952129000438,4748449,-0.500438333730058,15.3733285963737,"IFNG","0|0",0,"TT","phase2","NovaSeq"
"F115_MEL_PBS","F115",51,8.84387491431412,5766703,0.100232580641321,15.5676110713581,"PBS","0|1",1,"TC|CT","phase2","NovaSeq"
"F115_MEL_IFNG","F115",319,57.519181475001,5545976,1.27701541136808,15.5285831777053,"IFNG","0|1",1,"TC|CT","phase2","NovaSeq"
"F116_MEL_PBS","F116",1,0.702184566404541,1424127,-1.23302919968693,14.1690695523705,"PBS","0|0",0,"TT","phase2","NovaSeq"
"F116_MEL_IFNG","F116",5,15.2908939668249,326992,0.389905013606984,12.6976909847483,"IFNG","0|0",0,"TT","phase2","NovaSeq"
"F118_MEL_PBS","F118",25,6.82199159039453,3664619,-0.0200143363190243,15.1142349315553,"PBS","1|0",1,"TC|CT","phase2","NovaSeq"
"F118_MEL_IFNG","F118",230,59.6749428028646,3854214,1.32362161601968,15.1646776531404,"IFNG","1|0",1,"TC|CT","phase2","NovaSeq"
"F120_MEL_PBS","F120",3,0.689195708608054,4352900,-1.27701541136808,15.286352847608,"PBS","0|0",0,"TT","phase2","NovaSeq"
"F120_MEL_IFNG","F120",14,3.65505091485924,3830316,-0.477881525933653,15.1584578642808,"IFNG","0|0",0,"TT","phase2","NovaSeq"
"F122_MEL_PBS","F122",25,5.47213588407827,4568600,-0.160794205717316,15.3347173702039,"PBS","0|1",1,"TC|CT","phase2","NovaSeq"
"F122_MEL_IFNG","F122",103,34.3509324610642,2998463,0.797518951846022,14.9136103820115,"IFNG","0|1",1,"TC|CT","phase2","NovaSeq"
"F124_MEL_PBS","F124",4,0.753578508845222,5308007,-1.19130738926607,15.4847269931975,"PBS","0|0",0,"TT","phase2","NovaSeq"
"F124_MEL_IFNG","F124",20,6.28250410561643,3183444,-0.0600751164152646,14.9734741875824,"IFNG","0|0",0,"TT","phase2","NovaSeq"
"F133_MEL_PBS","F133",27,11.2551492307731,2398902,0.221951938811593,14.6905216906331,"PBS","0|1",1,"TC|CT","phase2","NovaSeq"
"F133_MEL_IFNG","F133",323,81.6565303862152,3955593,1.69634607661958,15.1906410847334,"IFNG","0|1",1,"TC|CT","phase2","NovaSeq"
"F134_MEL_PBS","F134",32,9.36507978316328,3416949,0.181102114196531,15.0442586056129,"PBS","1|1",2,"CC","phase2","NovaSeq"
"F134_MEL_IFNG","F134",114,41.5718991465727,2742237,1.00816917462835,14.8242845686297,"IFNG","1|1",2,"CC","phase2","NovaSeq"
"F139_MEL_PBS","F139",1,0.352345174245259,2838126,-1.89657364619057,14.8586545331796,"PBS","0|0",0,"TT","phase2","NovaSeq"
"F139_MEL_IFNG","F139",20,5.44730697399646,3671539,-0.181102114196531,15.1161214781788,"IFNG","0|0",0,"TT","phase2","NovaSeq"
"F141_MEL_PBS","F141",16,6.38159038804856,2507212,-0.0400366938707367,14.7346819367881,"PBS","0|1",1,"TC|CT","phase2","NovaSeq"
"F141_MEL_IFNG","F141",201,41.2475643928861,4873015,0.943726592461593,15.3992234000068,"IFNG","0|1",1,"TC|CT","phase2","NovaSeq"
"F142_MEL_PBS","F142",42,11.5963156848453,3621840,0.242512291890682,15.1024927419605,"PBS","1|1",2,"CC","phase2","NovaSeq"
"F142_MEL_IFNG","F142",361,100.403309804842,3595499,1.89657364619057,15.0951933433992,"IFNG","1|1",2,"CC","phase2","NovaSeq"
"F143_MEL_PBS","F143",7,1.9625374038602,3566811,-0.882982903113305,15.087182477235,"PBS","1|0",1,"TC|CT","phase2","NovaSeq"
"F143_MEL_IFNG","F143",66,19.2653424370833,3425841,0.455565307981847,15.0468575469819,"IFNG","1|0",1,"TC|CT","phase2","NovaSeq"
"F23_MEL_PBS","F23",53,11.6855862923222,4535502,0.263175686673292,15.3274463300028,"PBS","0|1",1,"TC|CT","P1","Nextseq550"
"F23_MEL_IFNG","F23",132,48.1644245883766,2740612,1.07709656894406,14.8236918110879,"IFNG","0|1",1,"TC|CT","P1","Nextseq550"
"F24_MEL_PBS","F24",135,21.1619443657185,6379376,0.500438333730058,15.6685808448951,"PBS","1|1",2,"CC","P1","Nextseq2000"
"F24_MEL_IFNG","F24",632,105.651979704121,5981904,2.03435150477923,15.6042494698988,"IFNG","1|1",2,"CC","P1","Nextseq2000"
"F25_MEL_PBS","F25",118,30.421128969345,3878883,0.717519040360784,15.1710577835542,"PBS","1|1",2,"CC","P1","Nextseq500"
"F25_MEL_IFNG","F25",404,137.514172639513,2937879,2.57652011268725,14.8931984503886,"IFNG","1|1",2,"CC","P1","Nextseq500"
"F27_MEL_PBS","F27",1,0.573023213170366,1745130,-1.42660904789929,14.3723396094111,"PBS","0|0",0,"TT","P1","dnbseq"
"F27_MEL_IFNG","F27",2,1.43712437161737,1391668,-0.975441478213291,14.1460135856824,"IFNG","0|0",0,"TT","P1","dnbseq"
"F28_MEL_PBS","F28",8,2.02891714156009,3942990,-0.797518951846022,15.1874498767166,"PBS","1|0",1,"TC|CT","P1","Nextseq2000"
"F28_MEL_IFNG","F28",69,21.3398519880237,3233387,0.523252712786185,14.9890407526059,"IFNG","1|0",1,"TC|CT","P1","Nextseq2000"
"F30_MEL_PBS","F30",9,2.0005094630766,4498854,-0.825334629406982,15.3193332556408,"PBS","0|1",1,"TC|CT","phase2","NovaSeq"
"F30_MEL_IFNG","F30",26,21.9444653104424,1184809,0.569727882907066,13.9850921381256,"IFNG","0|1",1,"TC|CT","phase2","NovaSeq"
"F31_MEL_PBS","F31",2,0.916767167267378,2181579,-1.15156225807352,14.5955594845046,"PBS","0|0",0,"TT","P1","dnbseq"
"F31_MEL_IFNG","F31",7,3.14593733652361,2225092,-0.546342773347206,14.6153088210423,"IFNG","0|0",0,"TT","P1","dnbseq"
"F32_MEL_PBS","F32",27,8.88418867779252,3039107,0.120368028530359,14.9270742802294,"PBS","1|1",2,"CC","P1","Nextseq550"
"F32_MEL_IFNG","F32",136,61.3127971529222,2218134,1.37329492830878,14.6121768598556,"IFNG","1|1",2,"CC","P1","Nextseq550"
"F33_MEL_PBS","F33",1,0.269195090527617,3714778,-2.22698758116466,15.1278294766095,"PBS","0|0",0,"TT","phase2","NovaSeq"
"F33_MEL_IFNG","F33",16,4.00290510838241,3997097,-0.389905013606984,15.2010789056001,"IFNG","0|0",0,"TT","phase2","NovaSeq"
"F34_MEL_PBS","F34",3,0.631207664375944,4752794,-1.32362161601968,15.3742432136091,"PBS","0|0",0,"TT","phase2","NovaSeq"
"F34_MEL_IFNG","F34",31,7.00291660181439,4426727,0.0200143363190243,15.3031710427696,"IFNG","0|0",0,"TT","phase2","NovaSeq"
"F37_MEL_PBS","F37",3,0.941971420587099,3184810,-1.11355751345829,14.9739031905779,"PBS","0|0",0,"TT","P1","Nextseq550"
"F37_MEL_IFNG","F37",4,1.98525156611533,2014858,-0.85380404503455,14.5160592794157,"IFNG","0|0",0,"TT","P1","Nextseq550"
"F38_MEL_PBS","F38",14,2.90510314568719,4819106,-0.569727882907065,15.3880989916453,"PBS","1|0",1,"TC|CT","phase2","NovaSeq"
"F38_MEL_IFNG","F38",129,41.2959501477851,3123793,0.975441478213291,14.9545585265428,"IFNG","1|0",1,"TC|CT","phase2","NovaSeq"
"F39_MEL_PBS","F39",35,9.23821665465699,3788610,0.140552401555908,15.1475097551703,"PBS","1|1",2,"CC","phase2","NovaSeq"
"F39_MEL_IFNG","F39",306,69.0091904004157,4434192,1.61741642254163,15.30485596998,"IFNG","1|1",2,"CC","phase2","NovaSeq"
"F40_MEL_PBS","F40",2,0.563179440796606,3551266,-1.5474428844291,15.0828147175962,"PBS","0|0",0,"TT","P1","Nextseq550"
"F40_MEL_IFNG","F40",18,3.19131621582233,5640306,-0.523252712786185,15.5454488773216,"IFNG","0|0",0,"TT","P1","Nextseq550"
"F41_MEL_PBS","F41",0,0,1750866,-2.57652011268725,14.3756210806411,"PBS","0|0",0,"TT","P1","dnbseq"
"F41_MEL_IFNG","F41",3,2.55035029061242,1176309,-0.617467900158175,13.9778921280287,"IFNG","0|0",0,"TT","P1","dnbseq"
"F42_MEL_PBS","F42",7,9.24545222808795,757129,0.160794205717316,13.5372889274128,"PBS","1|0",1,"TC|CT","P1","Nextseq2000"
"F42_MEL_IFNG","F42",62,40.6269125774369,1526082,0.912933637332838,14.2382142246384,"IFNG","1|0",1,"TC|CT","P1","Nextseq2000"
"F44_MEL_PBS","F44",6,1.68449895982189,3561890,-0.943726592461593,15.0858018608277,"PBS","0|0",0,"TT","phase2","NovaSeq"
"F44_MEL_IFNG","F44",19,4.40773497171162,4310604,-0.304851780901878,15.2765885914725,"IFNG","0|0",0,"TT","phase2","NovaSeq"
"F45_MEL_PBS","F45",9,2.32887612319755,3864525,-0.666658926982287,15.1673493346503,"PBS","0|0",0,"TT","P1","Nextseq2000"
"F45_MEL_PBS","F45",9,2.32887612319755,3864525,-0.666658926982287,15.1673493346503,"PBS","0|0",0,"TT","P1","dnbseq"
"F45_MEL_IFNG","F45",24,6.06323805712631,3958281,-0.0801376929318558,15.1913203980768,"IFNG","0|0",0,"TT","P1","Nextseq2000"
"F45_MEL_IFNG","F45",24,6.06323805712631,3958281,-0.0801376929318558,15.1913203980768,"IFNG","0|0",0,"TT","P1","dnbseq"
"F46_MEL_PBS","F46",12,4.98106572391696,2409123,-0.263175686673292,14.6947733388241,"PBS","0|1",1,"TC|CT","phase2","NovaSeq"
"F46_MEL_IFNG","F46",108,25.8933691876579,4170952,0.617467900158175,15.2436548650812,"IFNG","0|1",1,"TC|CT","phase2","NovaSeq"
"F47_MEL_PBS","F47",17,3.96246381338194,4290260,-0.433473713705424,15.2718578951283,"PBS","0|1",1,"TC|CT","phase2","NovaSeq"
"F47_MEL_IFNG","F47",77,21.44864720318,3589970,0.546342773347206,15.0936544038836,"IFNG","0|1",1,"TC|CT","phase2","NovaSeq"
"F48_MEL_PBS","F48",5,1.2995485368383,3847490,-1.04201399694948,15.1629315456015,"PBS","0|1",1,"TC|CT","P1","Nextseq2000"
"F48_MEL_IFNG","F48",26,14.9358934220602,1740773,0.368400197387891,14.3698398254132,"IFNG","0|1",1,"TC|CT","P1","Nextseq2000"
"F49_MEL_PBS","F49",18,5.96800552239444,3016083,-0.100232580641322,14.9194695276252,"PBS","1|0",1,"TC|CT","phase2","NovaSeq"
"F49_MEL_IFNG","F49",130,38.1545187570549,3407198,0.85380404503455,15.0414008105987,"IFNG","1|0",1,"TC|CT","phase2","NovaSeq"
"F50_MEL_PBS","F50",18,5.85441247067915,3074604,-0.120368028530359,14.938686670442,"PBS","1|0",1,"TC|CT","phase2","NovaSeq"
"F50_MEL_IFNG","F50",173,42.6373124790048,4057479,1.04201399694948,15.2160724027568,"IFNG","1|0",1,"TC|CT","phase2","NovaSeq"
"F51_MEL_PBS","F51",25,6.96660599217288,3588548,0,15.0932582218252,"PBS","1|0",1,"TC|CT","phase2","NovaSeq"
"F51_MEL_IFNG","F51",216,49.8374054646715,4334094,1.11355751345829,15.2820231498142,"IFNG","1|0",1,"TC|CT","phase2","NovaSeq"
"F52_MEL_PBS","F52",21,3.96877143845286,5291310,-0.411591691332178,15.4815764102285,"PBS","1|0",1,"TC|CT","phase2","NovaSeq"
"F52_MEL_IFNG","F52",149,33.7482480355802,4415044,0.743653994864716,15.3005283579955,"IFNG","1|0",1,"TC|CT","phase2","NovaSeq"
"F53_MEL_PBS","F53",1,0.283829817911819,3523238,-2.03435150477923,15.0748910111017,"PBS","0|0",0,"TT","P1","Nextseq550"
"F53_MEL_IFNG","F53",16,4.25204530022762,3762895,-0.34706443145054,15.1406991659176,"IFNG","0|0",0,"TT","P1","Nextseq550"
"F55_MEL_PBS","F55",10,4.13414301902409,2418881,-0.368400197387891,14.6988155945003,"PBS","0|1",1,"TC|CT","P1","Nextseq550"
"F55_MEL_IFNG","F55",57,36.9532858602466,1542488,0.825334629406982,14.2489072551528,"IFNG","0|1",1,"TC|CT","P1","Nextseq550"
"F56_MEL_PBS","F56",12,14.1595927701119,847482,0.34706443145054,13.6500248790731,"PBS","1|0",1,"TC|CT","P1","Nextseq550"
"F56_MEL_IFNG","F56",297,65.6023477246919,4527277,1.5474428844291,15.3256312129712,"IFNG","1|0",1,"TC|CT","P1","Nextseq550"
"F57_MEL_PBS","F57",25,5.009486966417,4990531,-0.242512291890682,15.4230528748919,"PBS","1|0",1,"TC|CT","P1","Nextseq2000"
"F57_MEL_IFNG","F57",155,34.020869498798,4556027,0.770307068392689,15.3319615297827,"IFNG","1|0",1,"TC|CT","P1","Nextseq2000"
"F58_MEL_PBS","F58",45,11.818576964543,3807565,0.283952078021566,15.152500435175,"PBS","1|1",2,"CC","phase2","NovaSeq"
"F58_MEL_IFNG","F58",191,50.0427721599744,3816735,1.15156225807352,15.1549059030663,"IFNG","1|1",2,"CC","phase2","NovaSeq"
"F59_MEL_PBS","F59",7,2.33180600040307,3001965,-0.641869246315522,14.9147776322135,"PBS","1|0",1,"TC|CT","phase2","NovaSeq"
"F59_MEL_IFNG","F59",48,27.326681943041,1756525,0.691865248647507,14.3788479834361,"IFNG","1|0",1,"TC|CT","phase2","NovaSeq"
"F60_MEL_PBS","F60",59,17.8321918211897,3308623,0.411591691332178,15.0120426487116,"PBS","0|1",1,"TC|CT","P1","Nextseq550"
"F60_MEL_IFNG","F60",129,55.5847363452217,2320781,1.23302919968693,14.6574143249237,"IFNG","0|1",1,"TC|CT","P1","Nextseq550"
"F61_MEL_PBS","F61",62,12.4848067956012,4966036,0.304851780901878,15.4181324943192,"PBS","1|0",1,"TC|CT","phase2","NovaSeq"
"F61_MEL_IFNG","F61",135,38.2538451490016,3529057,0.882982903113305,15.0765412544114,"IFNG","1|0",1,"TC|CT","phase2","NovaSeq"
"F62_MEL_PBS","F62",113,18.5529274795618,6090683,0.433473713705424,15.6222707844649,"PBS","1|1",2,"CC","P1","Nextseq2000"
"F62_MEL_IFNG","F62",387,131.428000888413,2944578,2.22698758116466,14.8954760710821,"IFNG","1|1",2,"CC","P1","Nextseq2000"
"F63_MEL_PBS","F63",92,20.1859609713221,4557623,0.477881525933653,15.3323117736513,"PBS","1|1",2,"CC","P1","Nextseq2000"
"F63_MEL_IFNG","F63",388,92.4781865885655,4195584,1.78752735197503,15.2495431015434,"IFNG","1|1",2,"CC","P1","Nextseq2000"
"F64_MEL_PBS","F64",7,2.03990104731434,3431539,-0.770307068392689,15.0485194065584,"PBS","0|1",1,"TC|CT","phase2","NovaSeq"
"F64_MEL_IFNG","F64",71,26.6048634439808,2668685,0.641869246315522,14.7970963996906,"IFNG","0|1",1,"TC|CT","phase2","NovaSeq"
"F74_MEL_PBS","F74",33,7.40591458781148,4455898,0.0400366938707367,15.3097391698425,"PBS","1|0",1,"TC|CT","phase2","NovaSeq"
"F74_MEL_IFNG","F74",75,26.9349144726682,2784490,0.666658926982287,14.8395752906964,"IFNG","1|0",1,"TC|CT","phase2","NovaSeq"
"F83_MEL_PBS","F83",7,2.07923859470798,3366617,-0.717519040360784,15.0294189405593,"PBS","1|0",1,"TC|CT","phase2","NovaSeq"
"F83_MEL_IFNG","F83",33,8.29413099750498,3978717,0.0801376929318557,15.1964699634818,"IFNG","1|0",1,"TC|CT","phase2","NovaSeq"
"F95_MEL_PBS","F95",2,1.11376434528477,1795712,-1.07709656894406,14.4009121586384,"PBS","0|0",0,"TT","phase2","NovaSeq"
"F95_MEL_IFNG","F95",10,4.32697570792568,2311083,-0.325885511419726,14.6532268037998,"IFNG","0|0",0,"TT","phase2","NovaSeq"
